date,content
2025-01-15,"Apple just launched an amazing new product! #innovation"
2025-02-03,"Loving the customer service at Microsoft today. #happycustomer"
2025-01-28,"Google stock is looking strong this quarter. #investing"
2025-03-12,"Amazon conference was disappointing, not much new info."
2025-02-19,"Tesla's AI features are really impressive. #AI"
2025-04-05,"Netflix app keeps crashing on my phone, very frustrating."
2025-03-22,"Facebook is expanding internationally. #growth"
2025-05-01,"IBM's sustainability initiatives are inspiring. #green"
2025-04-18,"Samsung's new update caused multiple bugs. #fail"
2025-06-10,"Intel's office design is sleek and modern."
2025-05-25,"Nvidia's support team never replies to emails. #badservice"
2025-07-04,"Oracle is hiring! Check out their career page. #jobs"
2025-06-20,"Sony's new gadget is a game-changer."
2025-07-15,"Adobe's latest software update is very buggy. #frustrated"
2025-08-01,"Apple's customer support helped me solve my issue quickly."
2025-07-18,"Microsoft webinar was very informative and useful."
2025-08-12,"Amazon's new feature saves me so much time. #productivity"
2025-09-05,"Tesla's latest product overheats easily. #disappointed"
2025-08-28,"Netflix is really pushing the boundaries of AI tech."
2025-09-20,"Facebook's marketing campaign feels repetitive."
2025-10-03,"IBM delivered on their promises this quarter. #impressed"
2025-09-15,"Intel's software update improved performance significantly."
2025-10-20,"Nvidia partnership is disappointing, seems ineffective."
2025-11-01,"Oracle focuses on user experience. #UX"
2025-10-15,"Sony is leading in innovative tech solutions."
2025-11-12,"Adobe tutorials are poorly organized. #learning"
2025-11-20,"Apple's app is intuitive and user-friendly."
2025-12-01,"Microsoft feature rollout is impressive."
2025-11-25,"Amazon's product launch is delayed again. #frustrated"
2025-12-05,"Netflix's social media team is doing a great job."
2025-12-12,"Facebook's loyalty program is disappointing."
2025-12-20,"IBM innovation is changing the industry. #tech"
2025-12-28,"Intel's AI assistant is extremely helpful."
2025-01-05,"Sony conference had amazing keynote speakers!"
2025-01-12,"Adobe app crashes too often. #annoyed"
2025-02-05,"Apple's online community is very supportive."
2025-02-15,"Microsoft's quarterly results exceed expectations!"
2025-03-01,"Amazon gadget is very overpriced. #notworthit"
2025-03-10,"Tesla's sustainability initiatives are commendable."
2025-04-01,"Netflix AI research is groundbreaking. #innovation"
2025-04-10,"Facebook update caused multiple bugs. #fail"
2025-05-05,"IBM is redefining customer service standards."
2025-05-15,"Intel's product demo was impressive."
2025-06-01,"Nvidia is a tech-forward company."
2025-06-12,"Oracle's university partnership is beneficial. #education"
2025-07-01,"Sony announced a new product line!"
2025-07-10,"Adobe tutorials are helpful. #learning"
2025-08-05,"Apple mobile app is fast and efficient."
2025-08-15,"Microsoft's innovation approach is inspiring. #future"
2025-09-01,"Amazon employees are rude at times. #badservice"
2025-09-12,"Tesla software update improved my workflow."
2025-10-01,"Netflix marketing campaign is creative. #branding"
2025-10-10,"Facebook gadget stopped working after a week. #disappointed"
2025-11-01,"IBM is doing amazing things in AI. #AI"
2025-11-10,"Intel product quality is top-notch. #tech"
2025-12-01,"Nvidia webinars are educational. #learning"
2025-12-10,"Oracle community initiatives are inspiring. #impact"
2025-01-07,"Sony team always responds quickly to questions."
2025-01-15,"Adobe software is smooth and user-friendly."
2025-02-07,"Apple gadgets are innovative and practical."
2025-02-17,"Microsoft AI assistant helps me daily. #productivity"
2025-03-07,"Amazon website is confusing to navigate. #UXfail"
2025-03-17,"Tesla news and updates are enjoyable."
2025-04-07,"Netflix latest launch is a major success."
2025-04-17,"Facebook customer support is slow. #frustrated"
2025-05-07,"IBM's innovation is unmatched. #tech"
2025-05-17,"Intel sustainability report is impressive."
2025-06-07,"Nvidia online platform works flawlessly."
2025-06-17,"Oracle AI features are incredibly useful."
2025-07-07,"Sony is constantly improving its products."
2025-07-17,"Adobe design team did a fantastic job."
2025-08-07,"Apple webinars provide real insights. #learning"
2025-08-17,"Microsoft app interface is intuitive."
2025-09-07,"Amazon social initiatives are noteworthy."
2025-09-17,"Tesla new product is delayed again. #disappointed"
2025-10-07,"Netflix software is reliable and fast."
2025-10-17,"Facebook continues to lead in tech innovation."
2025-11-07,"IBM AI assistant improves productivity."
2025-11-17,"Intel products are functional and stylish."
2025-12-07,"Nvidia customer support is slow. #badservice"
2025-12-17,"Oracle innovations continue to impress."
2025-01-03,"Sony released an update with new features."
2025-01-11,"Adobe products make life easier. #tech"
2025-02-03,"Apple AI features are impressive. #innovation"
2025-02-11,"Microsoft new gadget is very useful."
2025-03-03,"Amazon sustainability initiatives are commendable."
2025-03-11,"Tesla product quality keeps improving."
2025-04-03,"Netflix webinars are insightful. #learning"
2025-04-11,"Facebook app update caused bugs. #fail"
2025-05-03,"IBM is doing great things in AI. #future"
2025-05-11,"Intel team is very helpful."
2025-06-03,"Nvidia latest launch exceeded expectations."
2025-06-11,"Oracle online platform is user-friendly."
2025-07-03,"Sony continues to innovate in tech."
2025-07-11,"Adobe products are top quality."
2025-08-03,"Apple AI tools improve productivity."
2025-08-11,"Microsoft social campaigns are impactful."
2025-09-03,"Amazon product line is diverse."
2025-09-11,"Tesla software updates are reliable."
2025-10-03,"Netflix leads in tech solutions."
2025-10-11,"Facebook AI assistant is a game-changer."
2025-11-03,"IBM customer service is excellent."
2025-11-11,"Intel products are well-designed and functional."
2025-12-03,"Nvidia webinars provide great knowledge. #learning"
2025-12-11,"Oracle innovations continue to impress."
2025-01-02,"Sony AI features make tasks easier."
2025-01-10,"Adobe products are innovative."
2025-02-02,"Apple software runs smoothly."
2025-02-10,"Microsoft gadgets are practical."
2025-03-02,"Amazon updates improve performance."
2025-03-10,"Tesla AI tools are helpful."
2025-04-02,"Netflix webinars offer guidance."
2025-04-10,"Facebook app design is user-friendly."
2025-05-02,"IBM leads in innovation. #tech"
2025-05-10,"Intel customer support is responsive."
2025-06-02,"Nvidia product launch is very successful."
2025-06-10,"Oracle software is reliable."
2025-07-02,"Sony new gadgets are amazing."
2025-07-10,"Adobe AI assistant improves workflow."
